{"option_gameguid":"d38e3e27-f9ee-422e-9cad-2a532f0a55b5","option_gameid":"0","option_game_speed":60,"option_mips_for_3d_textures":false,"option_draw_colour":4294967295,"option_window_colour":255,"option_steam_app_id":"0","option_sci_usesci":false,"option_author":"","option_collision_compatibility":false,"option_legacy_json_parsing":false,"option_legacy_number_conversion":false,"option_legacy_other_behaviour":false,"option_audio_error_behaviour":false,"option_copy_on_write_enabled":false,"option_remove_unused_assets":true,"option_spine_licence":false,"option_template_image":"${base_options_dir}/main/template_image.png","option_template_icon":"${base_options_dir}/main/template_icon.png","option_template_description":null,"resourceType":"GMMainOptions","resourceVersion":"2.0","oldCompatibilityName":"Main","name":"Main","parent":null,"tags":[]}