﻿<?xml version="1.0" encoding="utf-8"?>
<TextureGroup>
  <texture scale="1" mipsToGenerate="0" texwidth="2048" texheight="1024">default_0.bz2</texture>
  <tpe x="2" y="2" tpage="default_0.bz2">sFishMinigame_Mike's Fishing Fun_24c87536-fdaa-4b50-9199-05f6c8a27167.tpe</tpe>
  <tpe x="1160" y="4" tpage="default_0.bz2">tLevel1_Mike's Fishing Fun_output_tileset.tpe</tpe>
  <tpe x="1598" y="2" tpage="default_0.bz2">sTile_Mike's Fishing Fun_aa5794f8-e66c-426e-a4ef-166c223dae21.tpe</tpe>
  <tpe x="1158" y="402" tpage="default_0.bz2">fnt_howtoplay_Mike's Fishing Fun_fnt_howtoplay.tpe</tpe>
  <tpe x="1598" y="253" tpage="default_0.bz2">fnt_sure_Mike's Fishing Fun_fnt_sure.tpe</tpe>
  <tpe x="1418" y="402" tpage="default_0.bz2">sTextBox_Mike's Fishing Fun_18690db7-ed61-442e-8389-a09924cf33b1.tpe</tpe>
  <tpe x="1158" y="534" tpage="default_0.bz2">sFishInWater_Mike's Fishing Fun_c04d4a34-65b6-486e-b168-28d4b486a121.tpe</tpe>
  <tpe x="1858" y="2" tpage="default_0.bz2">sFishInWater_Mike's Fishing Fun_ed8083ce-32df-421c-a13c-6cf89a951740.tpe</tpe>
  <tpe x="1418" y="478" tpage="default_0.bz2">sFishInWater_Mike's Fishing Fun_e6200752-8047-4d4b-999e-3426ec5c38fc.tpe</tpe>
  <tpe x="1599" y="385" tpage="default_0.bz2">sNormalWater_Mike's Fishing Fun_6c000351-f564-434c-a565-03e1aec1be8e.tpe</tpe>
  <tpe x="1262" y="534" tpage="default_0.bz2">sNormalWater_Mike's Fishing Fun_2edc6b8a-a063-441a-8730-c09242098cf2.tpe</tpe>
  <tpe x="1158" y="578" tpage="default_0.bz2">sFishInWater_Mike's Fishing Fun_7ced0576-8193-452f-b337-fa894387cf86.tpe</tpe>
  <tpe x="1858" y="46" tpage="default_0.bz2">sNormalWater_Mike's Fishing Fun_4b02e4bd-6c04-43b2-8a32-5276961a098f.tpe</tpe>
  <tpe x="1522" y="478" tpage="default_0.bz2">sNormalWater_Mike's Fishing Fun_603f7f2b-4fc5-4e66-b408-40ac3f51ee72.tpe</tpe>
  <tpe x="1418" y="520" tpage="default_0.bz2">sNormalWater_Mike's Fishing Fun_60529e39-ed3a-4625-83a4-6d9a0474b5e2.tpe</tpe>
  <tpe x="1962" y="2" tpage="default_0.bz2">sPlayerTest_Mike's Fishing Fun_1fd000d9-e644-4079-9fdd-02c0ec2d2132.tpe</tpe>
  <tpe x="1703" y="385" tpage="default_0.bz2">sMikeJump_Mike's Fishing Fun_4fb3317f-f982-46e3-9af9-adf66c5f45de.tpe</tpe>
  <tpe x="1262" y="575" tpage="default_0.bz2">sMikeIdle_Mike's Fishing Fun_0708f100-7cf1-497c-90ff-bdbb99c1326c.tpe</tpe>
  <tpe x="1858" y="85" tpage="default_0.bz2">sMikeWalk_Mike's Fishing Fun_8adf37e9-9102-42aa-9d67-ac503d6fb706.tpe</tpe>
  <tpe x="1522" y="517" tpage="default_0.bz2">sMikeWalk_Mike's Fishing Fun_a6aa5767-8092-42b6-b687-32f8fda4fcfb.tpe</tpe>
  <tpe x="1366" y="534" tpage="default_0.bz2">sMikeWalk_Mike's Fishing Fun_000832b6-c275-47e2-b9cb-8cac974d4cc4.tpe</tpe>
  <tpe x="1366" y="534" tpage="default_0.bz2">sMikeWalk_Mike's Fishing Fun_d473c708-8db1-47e8-a0f8-ddc2fa86936c.tpe</tpe>
  <tpe x="2014" y="2" tpage="default_0.bz2">sBackground_Mike's Fishing Fun_d0374536-6848-497e-8eaf-097513c40c5e.tpe</tpe>
  <tpe x="1962" y="56" tpage="default_0.bz2">sWall_Mike's Fishing Fun_d1aca3ff-dc8a-448e-b0d9-8ab31e18750a.tpe</tpe>
  <tpe x="1747" y="385" tpage="default_0.bz2">sWaterTest_Mike's Fishing Fun_badbbd80-62c9-481f-9dd4-e3ff5da00f23.tpe</tpe>
  <tpe x="1626" y="427" tpage="default_0.bz2">sGroundTest_Mike's Fishing Fun_af59261b-588a-4f4f-9757-1ed4fdafa3de.tpe</tpe>
  <tpe x="1158" y="618" tpage="default_0.bz2">sFont_Mike's Fishing Fun_1add4548-8a46-4dcb-ace1-5979905bdc5a.tpe</tpe>
  <tpe x="1858" y="129" tpage="default_0.bz2">sFont_Mike's Fishing Fun_254d62bc-d4da-47cc-b45e-20df1424e25d.tpe</tpe>
  <tpe x="1563" y="517" tpage="default_0.bz2">sFont_Mike's Fishing Fun_82af0314-1a84-4340-95bf-da5597dc102b.tpe</tpe>
  <tpe x="1305" y="575" tpage="default_0.bz2">sFont_Mike's Fishing Fun_fa5f9522-f0ba-42a1-80a8-51d7a9067a55.tpe</tpe>
  <tpe x="1406" y="559" tpage="default_0.bz2">sFont_Mike's Fishing Fun_0bd64448-704d-48c4-b7b1-5668822de1d4.tpe</tpe>
  <tpe x="2014" y="38" tpage="default_0.bz2">sFont_Mike's Fishing Fun_33213e7a-0e58-4417-9345-8ff876bc8ec2.tpe</tpe>
  <tpe x="1899" y="85" tpage="default_0.bz2">sFont_Mike's Fishing Fun_4b58d80d-75bf-4907-938c-c2d1334fa940.tpe</tpe>
  <tpe x="1783" y="385" tpage="default_0.bz2">sFont_Mike's Fishing Fun_f5b81ae7-09b3-4311-aa37-b672919e9774.tpe</tpe>
  <tpe x="1747" y="421" tpage="default_0.bz2">sFont_Mike's Fishing Fun_8d2742f0-3a01-43a7-a00f-0b5e97d786b1.tpe</tpe>
  <tpe x="1662" y="427" tpage="default_0.bz2">sFont_Mike's Fishing Fun_74963003-e6e1-481e-968d-0894aae8d50e.tpe</tpe>
  <tpe x="1626" y="455" tpage="default_0.bz2">sFont_Mike's Fishing Fun_a1af9b02-524d-4805-8d5c-1a70e705beb4.tpe</tpe>
  <tpe x="1599" y="427" tpage="default_0.bz2">sFont_Mike's Fishing Fun_dd9a06cb-c923-4895-93e3-723ee691b30c.tpe</tpe>
  <tpe x="1182" y="618" tpage="default_0.bz2">sFont_Mike's Fishing Fun_1c9f102d-1461-4f10-8f9a-1be948835020.tpe</tpe>
  <tpe x="1881" y="129" tpage="default_0.bz2">sFont_Mike's Fishing Fun_f86b0a5b-59d6-4866-8c4e-46635914b88b.tpe</tpe>
  <tpe x="1858" y="155" tpage="default_0.bz2">sFont_Mike's Fishing Fun_f60e4e71-8bb2-419d-a863-731ccedb02c7.tpe</tpe>
  <tpe x="1587" y="517" tpage="default_0.bz2">sFont_Mike's Fishing Fun_4df265ff-1d50-4279-a600-49ee13034d60.tpe</tpe>
  <tpe x="1563" y="541" tpage="default_0.bz2">sFont_Mike's Fishing Fun_83625327-fc2a-469b-825a-2263fe221282.tpe</tpe>
  <tpe x="1327" y="575" tpage="default_0.bz2">sFont_Mike's Fishing Fun_096c118e-9098-4d65-9576-fbde5954396a.tpe</tpe>
  <tpe x="1305" y="601" tpage="default_0.bz2">sFont_Mike's Fishing Fun_b60b0fbd-cb0a-4e70-a2e5-40be0a836d66.tpe</tpe>
  <tpe x="1429" y="559" tpage="default_0.bz2">sFont_Mike's Fishing Fun_c3915d83-400f-474b-83de-4708823e237e.tpe</tpe>
  <tpe x="1998" y="63" tpage="default_0.bz2">sFont_Mike's Fishing Fun_d1ce0479-7ad2-4d10-9ef4-ab3791eafc75.tpe</tpe>
  <tpe x="1921" y="85" tpage="default_0.bz2">sFont_Mike's Fishing Fun_7b936691-5c6f-4cfd-b5ef-b6df5a30115b.tpe</tpe>
  <tpe x="1802" y="385" tpage="default_0.bz2">sFont_Mike's Fishing Fun_c03d6256-9752-4197-ad37-c9c510333af1.tpe</tpe>
  <tpe x="1783" y="410" tpage="default_0.bz2">sFont_Mike's Fishing Fun_cb6584dd-23db-4dfa-829d-b17da19633be.tpe</tpe>
  <tpe x="1684" y="430" tpage="default_0.bz2">sFont_Mike's Fishing Fun_6524b6a1-3da1-421d-8e84-a6c403fec9ba.tpe</tpe>
  <tpe x="2034" y="38" tpage="default_0.bz2">sFont_Mike's Fishing Fun_c21b819c-cdb6-4b6c-8b4c-c170970bd7e8.tpe</tpe>
  <tpe x="1647" y="455" tpage="default_0.bz2">sFont_Mike's Fishing Fun_066d8e75-c192-4e71-b0e9-23afffba39d1.tpe</tpe>
  <tpe x="1626" y="477" tpage="default_0.bz2">sFont_Mike's Fishing Fun_bb889d97-b0c4-4729-a89b-c0bd924980b8.tpe</tpe>
  <tpe x="1599" y="448" tpage="default_0.bz2">sFont_Mike's Fishing Fun_96974e9a-7e62-4a1a-9378-ad631d709f3a.tpe</tpe>
  <tpe x="1202" y="618" tpage="default_0.bz2">sFont_Mike's Fishing Fun_aa10f8ee-655a-466f-a826-94e283d73032.tpe</tpe>
  <tpe x="1881" y="152" tpage="default_0.bz2">sFont_Mike's Fishing Fun_ab379023-3754-40c1-a4b6-7b84b55a03d5.tpe</tpe>
  <tpe x="1858" y="179" tpage="default_0.bz2">sFont_Mike's Fishing Fun_8ce1cd18-bd4f-4ce8-a43f-679c7be7bbd8.tpe</tpe>
  <tpe x="1607" y="517" tpage="default_0.bz2">sFont_Mike's Fishing Fun_ac289650-a1c6-4d7e-a077-443e7c4bd79c.tpe</tpe>
  <tpe x="1587" y="539" tpage="default_0.bz2">sFont_Mike's Fishing Fun_2e78a07c-52be-47c1-b022-b565fe36abfa.tpe</tpe>
  <tpe x="1346" y="575" tpage="default_0.bz2">sFont_Mike's Fishing Fun_5c88c3c5-1de5-4672-892a-b78860328aca.tpe</tpe>
  <tpe x="1327" y="598" tpage="default_0.bz2">sFont_Mike's Fishing Fun_b656546a-ea9f-48af-b197-378fa476df54.tpe</tpe>
  <tpe x="1446" y="559" tpage="default_0.bz2">sFont_Mike's Fishing Fun_91e71e19-dcd8-49ca-b4ad-e9128a1a0912.tpe</tpe>
  <tpe x="1158" y="644" tpage="default_0.bz2">sSpot_Mike's Fishing Fun_1e21aa7c-11bb-43b1-9f08-7986e8637b4c.tpe</tpe>
  <tpe x="1853" y="2" tpage="default_0.bz2">sFont_Mike's Fishing Fun_e1c38a22-d9f4-4597-af58-ba8cd7cf6a3d.tpe</tpe>
</TextureGroup>